,,,,
,,,,
artists,mix link,Recommend,b2b?,
Avsluta,https://soundcloud.com/avsluta,,
Carrier b2b Gavsborg,https://soundcloud.com/driftingover,,https://soundcloud.com/platform/system-mix-001-gavsborg-time-cow
Cassy,https://soundcloud.com/dgtl-festival/cassy-dgtl-amsterdam-080423,,
CCL,https://soundcloud.com/dimensionsfestival/ccl-b2b-dj-voices,,
Chen Ting,,,
Colleen,https://soundcloud.com/colleenplays,,
Cosmo,https://soundcloud.com/platform/cosmo-vitelli-1,,
Dana Kuehr,https://soundcloud.com/wakinglifeportugal/dana-kuehr-at-waking-life-2025,,
Dasha Rush,https://soundcloud.com/draaimolen/dasha-rush-b2b-jakojako-at-draaimolen-festival-2024,,
Devon Rexi,https://soundcloud.com/kioskradio/devon-rexi-kiosk-radio-15-02,,
DJ Godfather,https://soundcloud.com/platform/dj-godfather,,
Dj Masda,https://soundcloud.com/houghton-festival/dj-masda,,
Dj Spence,https://soundcloud.com/thelotradio/in-the-open-takeover-with-dj-spence-snp-500-06-09-2024,,
Dj Tobias,https://soundcloud.com/djtobias,,
Dj Trystero,https://soundcloud.com/djtrystero,,
Djrum,https://soundcloud.com/dkmntl/dekmantel-podcast-267-djrum,,
Drew McDowall,,,
Eduardo de la Calle,https://soundcloud.com/eduardodelacalle,,
Edward,https://soundcloud.com/wakinglifeportugal/edward-at-outro-lado-waking,,
Flo Masse,https://soundcloud.com/dimensionsfestival/dim299-flo-masse,,
Garçon,https://soundcloud.com/garcon,,
Glossy Mario,https://soundcloud.com/kioskradio/outsiders-glossy-60497867,,
Gyrofield b2b Upsammy,https://soundcloud.com/noisily-festival/noisily-live-025-gyrofield,,https://soundcloud.com/dkmntl/upsammy-at-dekmantel-festival-2019
Haruka,https://soundcloud.com/haruka_ptc,,
HHY & The Kampala Unit,https://soundcloud.com/hhythekampalaunit,,
Jennifer Cardini,https://soundcloud.com/platform/jennifer-cardini-boiler-room-x-tropico-festival,,
John McEntire,https://soundcloud.com/sam-prekop,,
Kia,https://soundcloud.com/wakinglifeportugal/kia-at-waking-life-2025?in=kia-sydney/sets/live-sets&si=1f497709770a4e4c98f98ea92599953c&utm_source=clipboard&utm_medium=text&utm_campaign=social_sharing,,
Kia b2b Richard Akingbehin,https://soundcloud.com/wakinglifeportugal/kia-at-waking-life-2025?in=kia-sydney/sets/live-sets&si=1f497709770a4e4c98f98ea92599953c&utm_source=clipboard&utm_medium=text&utm_campaign=social_sharing,,https://soundcloud.com/richard-akingbehin/richard-akingbehin-draaimolen-x-sustain-release-tilburg-may-24?in=richard-akingbehin/sets/dj-mixes&si=94788ee4d437481d90a8e0db2083448d&utm_source=clipboard&utm_medium=text&utm_campaign=social_sharing
Konduku,https://soundcloud.com/houghton-festival/recorded-at-houghton-konduku-2025?in=kondukukonduku/sets/mixes&si=26bfe506a3764507b6054ac7a7c44435&utm_source=clipboard&utm_medium=text&utm_campaign=social_sharing,,
Kuba'97,https://soundcloud.com/kuba97/kuba97-soleil-rouge-horst-2025?si=3c897c9f71854b56bd8e9959b627ce38&utm_source=clipboard&utm_medium=text&utm_campaign=social_sharing,,
Laima Adelaide,https://soundcloud.com/amlia,,
Lawrence,https://soundcloud.com/lawrence_dial/lawrence-live-garbicz-2018,,
Magda,https://soundcloud.com/magda-official,,
Mala,https://soundcloud.com/getdarker/dgital-mystikz-live-at-outlook-festival-2010,,
Marylou,https://soundcloud.com/crackmagazine/crack-mix-599-marylou,,
Melchor Productions Ltd b2b Lawrence,https://soundcloud.com/melchiorproductionsltd,,https://soundcloud.com/lawrence_dial/lawrence-live-garbicz-2018
Mike Servito,https://soundcloud.com/draaimolen/mike-servito-at-draaimolen-festival-2025-5,,
Millie McKee,https://soundcloud.com/dimensionsfestival/dim335-millie-mckee,,
Nicolini,https://soundcloud.com/nicoliniskinni4people,,
NikNak,https://soundcloud.com/niknakdjmusic,,
Nosedrip,https://soundcloud.com/horstartsandmusicfestival/nosedrip-aroh-at-eyes-eyes-baby,,
OJOO,https://soundcloud.com/platform/system-mix-084-ojoo-gyal,,
Olgica,https://soundcloud.com/kleinundhaarig/2024-olgica,,
Paquita Gordon,https://soundcloud.com/dkmntl/paquita-gordon-at-dekmantel-festival-2023,,
Parallel 9,https://soundcloud.com/musicmanrecords/parallel-9-mix,,
Phrex,https://soundcloud.com/phrex,,
PLO Man,https://soundcloud.com/dkmntl/plo-man-at-dekmantel-festival-2023,,
PLO MAN b2b Dj Spence,https://soundcloud.com/dkmntl/plo-man-at-dekmantel-festival-2023,,https://soundcloud.com/thelotradio/in-the-open-takeover-with-dj-spence-snp-500-06-09-2024
Rene Wise,https://soundcloud.com/dkmntl/rene-wise-at-dekmantel-ten,,
Rhadoo,https://soundcloud.com/cel-ce-asteapta/rhadoo-live-at-sunwaves,,
Richard Akingbehin,https://soundcloud.com/richard-akingbehin/richard-akingbehin-draaimolen-x-sustain-release-tilburg-may-24?in=richard-akingbehin/sets/dj-mixes&si=94788ee4d437481d90a8e0db2083448d&utm_source=clipboard&utm_medium=text&utm_campaign=social_sharing,,
Rroxymore,https://soundcloud.com/platform/rroxymore-1,,
Sam Prekop & John Mc Entire,https://soundcloud.com/sam-prekop,,
Samuel Rohrer & Elvind Aarset,https://soundcloud.com/samuel-rohrer-noreia,,
Serenne,https://soundcloud.com/serennee,,
Simply Rockers Soundsystem,https://soundcloud.com/wakinglifeportugal/simply-rockers-sound-system,,
Sina,https://soundcloud.com/anissina,,
Sterac,https://soundcloud.com/dreaming-festival/steve-rachmad-aka-sterac-dreaming-festival-2025,,
Tau Car,https://soundcloud.com/tau-car,,
Tiago,,,
Vedic Roots x Simply Rockers Soundsystem,https://soundcloud.com/wakinglifeportugal/simply-rockers-sound-system,,
Velv.93,https://soundcloud.com/kioskradio/velv-93-kiosk-radio-22-10-2022,,
Vera,https://soundcloud.com/wakinglifeportugal/vera-at-outro-lado-waking-life-23,,
Vlada,https://soundcloud.com/wakinglifeportugal/vlada-at-floresta-waking-life-23,,
